name,label,group,n_used,verdict,p_structure,p_boot,dim2,atom,z_cyc3,z_cyc7,z_cyc8,z_cyc12,z_hash,acf,pe,fft,quantized,uniq_ratio,source,note
cet_daily_anomaly,unknown,climate,10000,NonlinStoch,0.009966777408637873,0.01,nan,0.9116793085597246,5.15006253844621,10.026986723161995,9.121244237824325,5.639929136186197,1.3998777145097194,0.03873767786924627,0.9987386805863547,0.007184533118708776,False,0.7906,"HadCET daily, seasonal cycle removed",Hasselmann prior: Noise
cet_daily_raw,unknown,climate,10000,Noise,0.31561461794019935,,nan,0.7479327325095234,0.9491663355906995,1.2094455634849464,1.0413936996959519,2.2973237177221875,0.09780307606555459,0.10144346133171382,0.9984382199120522,0.02818048464073384,True,0.0292,HadCET 1772-2022 daily,
nao_daily,unknown,climate,10000,Chaos,0.0033222591362126247,0.01,nan,0.7645945519680959,63.189338627399486,99.22963740173377,235.04980474084482,57.293712279663566,3.913609262146484,0.1143429404846289,0.9100025543620286,0.008668059876329905,True,0.3127,NOAA CPC daily NAO 1950-2026,
sp500_log_returns_full,unknown,finance,10000,NonlinStoch,0.0033222591362126247,0.01,nan,0.9937022042285201,5.351032199561447,9.743010635214894,19.12379028972394,6.37028509604693,-0.1527992591248685,0.03243620515793058,0.9973365665155149,0.00485817620341384,False,0.9969,Yahoo ^GSPC 1970-01-02..2026-08-05,efficient-market prior: Noise
sp500_realized_vol,unknown,finance,10000,Noise,0.3588039867109635,,1.4118283671933496,0.4520560244209014,2.177212894434341,2.1137652941357583,1.7664343883716611,2.0938050968675257,0.9676073470845177,0.42684325113202914,0.9985730422360293,0.008768487619504106,False,0.9999,Yahoo ^GSPC 22d rolling std,
chua_x,Chaos,flow,10000,Noise,0.0033222591362126247,1.0,1.7768291904015705,0.6423369149844894,153.45410914597727,227.72704300715054,603.8165222120535,141.96725103904984,1.5663787470695574,0.6281720612868634,0.5608538468075638,0.09816564585153272,False,1.0,synthetic,lyap=0.4252
chua_y,Chaos,flow,10000,Chaos,0.0033222591362126247,0.01,nan,0.7972480777013354,138.10769954645127,219.82781663785005,525.3787207722305,132.47544297507565,1.454805604889682,0.9195214190023889,0.5041295724760708,0.17243420709678847,False,1.0,synthetic,lyap=0.4252
lorenz_x_rho10,Regular,flow,10000,Regular,0.0033222591362126247,1.0,0.0,1.0,434.48767380615953,454.4445428743327,1350.2320000542495,347.95055531359066,381.51707222420305,1.0,-0.0,0.0,True,0.0001,synthetic,lyap=-0.5946
lorenz_x_rho28,Chaos,flow,10000,Chaos,0.0033222591362126247,0.01,1.6764983763389512,0.4564562539339988,228.0614469451706,265.63548071650854,819.647676388773,225.57858530016,6.286334206502633,0.7810092129137549,0.4052717016415046,0.02273096114363984,False,1.0,synthetic,lyap=0.8999
lorenz_y_rho28,Chaos,flow,10000,Chaos,0.0033222591362126247,0.01,1.4576235739820713,0.44100814686805667,229.74585175875598,257.2773379645098,796.941171282777,223.23049611020713,5.0741495405052,0.6584511422344179,0.42065844459877116,0.022502448030194504,False,1.0,synthetic,lyap=0.8999
lorenz_z_rho28,Chaos,flow,10000,Chaos,0.0033222591362126247,0.01,1.6162630602559003,0.5143119718467711,253.01529739462183,280.013450108748,849.404177273942,249.9721439698505,4.43447624491933,0.7307761142003036,0.3336238221551414,0.15075990592574148,False,1.0,synthetic,lyap=0.8999
rossler_x_c2.5,Regular,flow,10000,Regular,0.0033222591362126247,0.85,0.9801433781653202,0.08856411637931035,182.46420011002746,228.82721622685295,707.8428013662657,211.07147862660858,17.08829195135839,0.9999711641976842,0.3958656768448941,0.94644516722363,False,1.0,synthetic,lyap=-0.0112
rossler_x_c5.7,Chaos,flow,10000,Chaos,0.0033222591362126247,0.01,1.7281080504351487,0.672105322381006,207.96816099824974,260.69677344870547,800.7661900427318,203.37662189771382,5.1520960542708005,0.8908356980254195,0.4029059836487405,0.7294379740723003,False,1.0,synthetic,lyap=0.0830
rossler_y_c5.7,Chaos,flow,10000,Chaos,0.0033222591362126247,0.02,1.7718699189973195,0.6564679415073116,195.41712382318028,259.6425467685485,806.272141422106,189.22037311093274,5.988218227358427,0.9282168764237994,0.3993477669503325,0.8310798285413609,False,1.0,synthetic,lyap=0.0830
henon_x_a1.1,Chaos,map,10000,Chaos,0.0033222591362126247,0.01,1.070128370263521,0.08038730015762216,62.04289166534445,79.96743434181217,160.01685892228812,84.96427092516468,19.391086193475523,0.713361593154445,0.6333192863524585,0.09063225241685256,False,1.0,synthetic,lyap=0.1792
henon_x_a1.3,Regular,map,10000,Regular,0.0033222591362126247,0.02,7.12193459147045e-17,0.14285714285714285,112.88359683087988,112.04960132400178,295.9309370028759,120.62179897950688,23.62551285643891,0.9999999999849193,0.40645711597648787,0.666598637733076,True,0.0007,synthetic,lyap=-0.2375
henon_x_a1.4,Chaos,map,10000,Chaos,0.0033222591362126247,0.01,1.2067641566746916,0.20660971223021582,39.58539702455791,60.2276579827604,109.58034840227013,50.50139660236698,5.935081339611707,0.36808119934287414,0.6989109082830492,0.008858149115156179,False,1.0,synthetic,lyap=0.4209
henon_y_a1.4,Chaos,map,10000,Chaos,0.0033222591362126247,0.01,1.2057574245648477,0.20584403916988592,39.48714286209704,60.03221836066641,110.85535465558837,50.62947743856572,5.703599094413768,0.3681557855266461,0.6988494304105111,0.00886044392135019,False,1.0,synthetic,lyap=0.4209
logistic_r2.80,Regular,map,10000,Regular,0.0033222591362126247,1.0,0.0,1.0,425.8100037100149,365.2150487188632,1110.2805176864829,322.01242775985503,202.17252563516337,1.0,0.0022847500528383334,4.450186917397345e-18,True,0.0001,synthetic,lyap=-0.2231
logistic_r3.00,Regular,map,10000,Regular,0.0033222591362126247,0.01,0.9958731585870758,0.033834670983116384,165.3279253934143,242.14052955417398,493.9828695725042,137.70766844154568,19.749692096728513,0.9998980959167073,0.2896312587910689,0.9966962662355353,False,1.0,synthetic,lyap=-0.0000
logistic_r3.50,Regular,map,10000,Regular,0.0033222591362126247,0.56,1.7804836478676126e-17,0.25,144.82937590795436,157.9063919246778,580.1251993551117,155.66758305614619,25.69471871909991,0.9999999996658907,0.28956590122791626,0.9629147422868232,True,0.0004,synthetic,lyap=-0.8725
logistic_r3.57,Chaos,map,10000,Regular,0.0033222591362126247,0.35,0.9250656244549255,0.025074210668345774,69.06299823442073,115.77744494618726,310.55244865353654,84.92918410011625,24.087501250991185,0.999973795532365,0.5067550634289726,0.8690368115350883,False,1.0,synthetic,lyap=0.0109
logistic_r3.70,Chaos,map,10000,Chaos,0.0033222591362126247,0.01,0.966211395559462,0.05721880561375053,58.0932128810869,33.847425595168446,62.31822582640745,34.70984213214771,9.756831915935512,0.19879945946709973,0.7052843407333452,0.007752991404938753,False,1.0,synthetic,lyap=0.3557
logistic_r3.90,Chaos,map,10000,Chaos,0.0033222591362126247,0.01,0.9777323836130992,0.06035878068519018,64.07203407470064,69.9059719506594,239.45566439115626,68.95316236222072,5.35700893775801,0.2853843356778355,0.7739140593283435,0.008890017730640671,False,1.0,synthetic,lyap=0.4964
logistic_r4.00,Chaos,map,10000,Chaos,0.0033222591362126247,0.01,0.982091349139619,0.06597316040709718,132.5915955104555,111.72271467116512,373.80884264911367,49.86977976828722,8.655476300392321,0.027038717329253784,0.6819327567161072,0.004567060700581767,False,1.0,synthetic,lyap=0.6931
henon_SNR10dB,Mixed,mixed,10000,NonlinStoch,0.0033222591362126247,0.01,nan,0.9214311398777417,37.107689291535465,46.013514969377574,96.1699545072607,36.65536008401189,1.8632358125299409,0.333813511651985,0.8406598892117318,0.008467937421979033,False,1.0,synthetic,
henon_SNR20dB,Mixed,mixed,10000,Chaos,0.0033222591362126247,0.01,nan,0.765625,46.03748626853896,62.00421963028272,131.2809839258062,47.32876310057616,2.5141174180780124,0.36448333258845217,0.7374438693559343,0.009368623398488663,False,1.0,synthetic,
henon_SNR5dB,Mixed,mixed,10000,NonlinStoch,0.0033222591362126247,0.01,nan,0.9643033098938506,20.228971897868,24.028641119378555,39.24302334129558,17.460716378319333,1.1622505192173298,0.2761603203509931,0.9246061236825136,0.007789968999302525,False,1.0,synthetic,
logistic_SNR10dB,Mixed,mixed,10000,NonlinStoch,0.0033222591362126247,0.01,nan,0.92060393951631,46.694089260624715,41.83083917199574,108.48134592479364,35.489686523920724,3.6039643961081516,0.026117219162422663,0.9049457784158677,0.00463635168962829,False,1.0,synthetic,
logistic_SNR20dB,Mixed,mixed,10000,Chaos,0.0033222591362126247,0.01,1.6801015324203947,0.7550887147617761,94.70187573638601,79.1153007812207,206.06192510027955,54.77969640967526,3.895160165421451,0.024904701955166923,0.8122073403029972,0.004538569209921351,False,1.0,synthetic,
logistic_SNR5dB,Mixed,mixed,10000,NonlinStoch,0.0033222591362126247,0.01,nan,0.970765629923032,19.891591089645186,20.445574479809256,47.41614764919813,19.01886773279959,0.30110896065132947,0.023630126320438375,0.9575103330170389,0.004940143818641543,False,1.0,synthetic,
circle_map_qp,Regular,periodic,10000,Regular,0.0033222591362126247,0.01,0.9756203134146854,0.08984120566898007,62.29775742879027,92.62604194689992,228.29416057513586,46.50334012330243,13.569264409522958,0.9999533597483161,0.5412275734594064,0.9962825681475845,False,1.0,synthetic,
quasi_sine_sum,Regular,periodic,10000,Regular,0.0033222591362126247,0.56,1.539119888929188,0.48481913599711696,164.4867981511982,246.20533032670494,676.1798647184902,169.67090074197614,5.2822462627030955,0.9917833953760292,0.4532444079601324,0.7788115214115934,False,1.0,synthetic,
sine_plus_noise,Regular,periodic,10000,Noise,0.0033222591362126247,0.58,nan,0.9133726957227206,2.771672426137019,6.116209535146646,12.609349309251645,2.0603047703870816,1.8016086000328917,0.2890238632798938,0.9864414872266548,0.27962672439944686,False,1.0,synthetic,
sine_pure,Regular,periodic,10000,Regular,0.0033222591362126247,0.35,0.7021784610489484,0.15272244355909695,168.8595631152964,243.64277907780493,736.6571957305129,224.33455336857233,12.447315620990903,1.000000232684685,0.3411882792993564,0.9999999843029613,True,0.101,synthetic,
rr_chf201,unknown,physiology,10000,Chaos,0.0033222591362126247,0.01,0.2367461218237407,0.36126910771418413,46.602665227147526,67.25592934639221,182.73489229274546,45.06138707933577,0.5023486679797649,0.44376748856841025,0.975324553522451,0.1813210649824926,True,0.0079,PhysioNet chf2db chf201,HRV CHF
rr_chf202,unknown,physiology,10000,Chaos,0.0033222591362126247,0.01,0.18235641218824813,0.6267029972752044,82.8555002248637,115.3283641081351,303.11020816896166,78.96585137984648,1.946090035454977,0.42138976022387514,0.9841128317816746,0.15237243313340235,True,0.0064,PhysioNet chf2db chf202,HRV CHF
rr_chf203,unknown,physiology,10000,Chaos,0.0033222591362126247,0.01,0.14304007732527632,0.5661881977671451,186.53104178209767,233.02109854770094,701.5201189295956,183.42906096635193,7.392422577761262,0.8039958851293837,0.9706319473522985,0.5628369295930165,True,0.0048,PhysioNet chf2db chf203,HRV CHF
rr_chf204,unknown,physiology,10000,Chaos,0.0033222591362126247,0.01,0.1997194612124154,0.528604118993135,134.18334488811385,188.32932658428,515.0696653811029,125.2134807187548,4.307313362821189,0.4907078309846915,0.9882588788422582,0.049991225505571654,True,0.0078,PhysioNet chf2db chf204,HRV CHF
rr_chf205,unknown,physiology,10000,NonlinStoch,0.0033222591362126247,0.01,0.3323946551321141,0.9701882845188285,85.53455776839255,133.55283883920532,335.2376498551277,76.1117225687184,3.288223891921524,0.21615859715316127,0.9797578887489231,0.03939747052644392,True,0.0072,PhysioNet chf2db chf205,HRV CHF
rr_nsr001,unknown,physiology,10000,Chaos,0.0033222591362126247,0.01,0.12880555777074448,0.32170923379174854,45.659628454303856,45.98777614808795,116.06034006037804,30.460378501768304,2.6387709913101043,0.2856158076831478,0.9488939498183054,0.03604210266236654,True,0.005,PhysioNet nsr2db nsr001,HRV healthy
rr_nsr002,unknown,physiology,10000,Chaos,0.0033222591362126247,0.01,0.25054343387959166,0.2589334300743697,46.06885786973511,52.36225906820726,124.80953788907524,39.0114641157113,2.924261296799691,0.3959922553685955,0.972972606857535,0.12481268431456409,True,0.0079,PhysioNet nsr2db nsr002,HRV healthy
rr_nsr003,unknown,physiology,10000,Chaos,0.0033222591362126247,0.01,0.2600520068714449,0.5039004849251528,62.24616786089033,88.23203402341262,222.21270139348303,59.88375337152945,1.8450681678100478,0.5117672346439995,0.9829490752869497,0.3229714188905331,True,0.0088,PhysioNet nsr2db nsr003,HRV healthy
rr_nsr004,unknown,physiology,10000,Chaos,0.0033222591362126247,0.01,0.2570569033675488,0.335354581084079,29.088807893698473,42.54464915207672,101.45636620509099,29.47425749619184,0.33473001826450094,0.11121099062290776,0.9931034413794732,0.0383595288763534,True,0.0073,PhysioNet nsr2db nsr004,HRV healthy
rr_nsr005,unknown,physiology,10000,Chaos,0.0033222591362126247,0.01,0.3510616407210384,0.286474781196427,129.00324269554955,170.74430296635356,496.22744510478356,128.46748103895953,4.891158670191895,0.6041224507857501,0.9555458866635749,0.368863599866266,True,0.0127,PhysioNet nsr2db nsr005,HRV healthy
ar1_phi0.3,Noise,stochastic,10000,Noise,0.046511627906976744,0.06,nan,0.9907145105445389,0.09244577786437708,1.9265291250837808,1.1855048433860595,3.6439258438976703,-0.13988219627254472,0.027736751094860013,0.9989059797003679,0.005485923974086987,False,1.0,synthetic,
ar1_phi0.7,Noise,stochastic,10000,Noise,0.9003322259136213,,nan,0.9287817818042847,0.1842831675758528,-0.5180769311362016,0.7480033330993102,0.8314127900148885,0.8727207475363187,0.027969987441868925,0.9990581615170123,0.005346699240680184,False,1.0,synthetic,
ar1_phi0.9,Noise,stochastic,10000,Noise,0.15614617940199335,,nan,0.8223521475151788,1.912463024161408,2.6460800614764195,1.0508192724387235,2.8219627898852635,0.3804710874405802,0.025777108119772855,0.9987558550323491,0.004945158388831881,False,1.0,synthetic,
arma22,Noise,stochastic,10000,Noise,0.0033222591362126247,0.66,nan,0.9666373814511949,18.6194620719808,26.243783000927273,51.473033612940085,15.344280385019669,1.8175871695781156,0.35874006098261296,0.948993274910803,0.007813946687684346,False,1.0,synthetic,
fgn_h0.8,Noise,stochastic,10000,Noise,0.0033222591362126247,1.0,1.5065448068129517,0.20996931130968496,8.92216857293444,15.224301137521586,25.950201870419647,8.163178088626667,1.893004825471764,0.15199543234165358,0.9988516047914477,0.13759866746457472,False,1.0,synthetic,approx long-memory
garch_returns,Noise,stochastic,10000,Noise,0.36212624584717606,,nan,0.9997531473710194,2.173631016026138,0.7499004394507262,1.5624870292569994,1.9551038680389354,-0.45629150095373433,0.03318154390310556,0.9981804532755036,0.006226084665279679,False,1.0,synthetic,
garch_volatility,Noise,stochastic,10000,Chaos,0.0033222591362126247,0.01,1.4935634593427995,0.40499109538086975,17.493065059223177,24.517227306768586,52.44625285519245,14.733668506298976,1.8154597219853799,0.024771206365999603,0.9971841533694894,0.006083847269465316,False,1.0,synthetic,
random_walk,Noise,stochastic,10000,Noise,0.013289036544850499,1.0,1.4330879023740528,0.17134692408082444,4.192764683317455,4.57818907778688,5.863335445337944,3.743337709187156,0.48927623122100516,0.08379774167843314,0.9989514212541276,0.029439884710532042,False,1.0,synthetic,
student_t3,Noise,stochastic,10000,Noise,0.6411960132890365,,nan,1.0036245750692272,-0.006988350171914621,1.1345609582113507,0.4149081770642465,1.5451087076757117,0.598976705154474,0.02829371553957797,0.999186941675033,0.005322259610387078,False,1.0,synthetic,
white_noise_1,Noise,stochastic,10000,Noise,0.7774086378737541,,nan,0.9980232714856911,1.22710708987198,-0.01982868419664633,-0.11515344600297728,0.7061756090976553,0.590269417368762,0.02397568805290509,0.9988550446447153,0.005551765490602173,False,1.0,synthetic,
white_noise_2,Noise,stochastic,10000,Noise,0.4717607973421927,,nan,0.9903701542122159,1.918671488844218,-0.4130335671035008,-0.11515344600297728,0.23647975867666735,0.20751903873681837,0.03101503040360067,0.9987203221689577,0.0053640829036715,False,1.0,synthetic,
white_noise_3,Noise,stochastic,10000,Noise,0.4850498338870432,,nan,1.0019107564347534,0.28198370082519175,-0.17050973508353534,1.2064134134076028,0.7626577579971979,1.8787248574770157,0.02900714266322007,0.9987968553293707,0.004605055954695189,False,1.0,synthetic,
white_uniform,Noise,stochastic,10000,Noise,0.34551495016611294,,nan,0.9980019755747127,-0.23029345598580747,0.5782223930248146,0.09006841104595971,0.1634623281766962,2.189985842483672,0.02522091352236244,0.9988886530020242,0.005097857565287255,False,1.0,synthetic,
iaaft_henon_x,Noise,surrogate,10000,Noise,0.0033222591362126247,0.46,nan,0.9831334501190315,8.902380407464571,10.48155556806339,22.48404948997876,5.3514296701900115,1.6140398185292666,0.3669870204238429,0.975885076462337,0.012088240132144403,False,1.0,synthetic,
iaaft_lorenz_x,Noise,surrogate,10000,Noise,0.0033222591362126247,0.76,1.6918521462370237,0.570141945916809,180.87880521156217,248.46225214650514,718.619358578941,178.27247991741618,6.89082177339608,0.7670447065337084,0.6978498306262332,0.02348118655921417,False,1.0,synthetic,
shuffle_lorenz_x,Noise,surrogate,10000,Noise,0.6079734219269103,,nan,1.0012594458438289,0.33014512257635126,-0.23672794863566954,0.7131439264897683,-0.06430376578355894,1.6042926494522742,0.03147978203293563,0.99881929636791,0.004547330163759263,False,1.0,synthetic,
eeg_setA_00,unknown,eeg,4097,Noise,0.0033222591362126247,0.83,nan,0.7962459194776932,54.95924563082028,83.25200588468999,84.89952423384666,53.20866918973262,2.693050711670368,0.31578075409332207,0.8420664652310633,0.051412646999743766,True,0.060288015621186235,Bonn setA Z001.txt,healthy_eyes_open
eeg_setA_01,unknown,eeg,4097,Noise,0.0033222591362126247,0.54,nan,0.8460137162451778,54.296916687920046,82.30483090356516,84.39034317445076,51.73470432430718,1.254201249490611,0.365591622525547,0.8553717914013071,0.033155670775950205,True,0.0710275811569441,Bonn setA Z002.txt,healthy_eyes_open
eeg_setA_02,unknown,eeg,4097,Noise,0.0033222591362126247,0.08,nan,0.8128817918765405,53.44330064606149,81.6830929541051,82.74042785240898,51.83834937798783,1.7672855955826834,0.3280011454694389,0.8641451937802421,0.05738284305765831,True,0.06785452770319746,Bonn setA Z003.txt,healthy_eyes_open
eeg_setA_03,unknown,eeg,4097,Noise,0.0033222591362126247,0.42,nan,0.8846524579629431,26.900716322080566,38.75994639117595,42.05334818192048,25.425577177973825,0.9820929069652489,0.32204207075879226,0.9396436316415062,0.034868714152778826,True,0.0671222845984867,Bonn setA Z004.txt,healthy_eyes_open
eeg_setA_04,unknown,eeg,4097,Noise,0.0033222591362126247,0.32,nan,0.817159539384765,40.85690912715647,61.38662110166423,65.8326979283991,39.326270339789055,2.1426966485945327,0.2896270494377157,0.9188683334774743,0.05845327574894989,True,0.06541371735416159,Bonn setA Z005.txt,healthy_eyes_open
eeg_setA_05,unknown,eeg,4097,Noise,0.0033222591362126247,0.65,nan,0.8246335262616974,53.851123178166546,79.03870986893237,78.69464824730223,49.53956519859801,1.2084797056389753,0.31190632943608254,0.8483994488535367,0.042522152466678065,True,0.06419331217964364,Bonn setA Z006.txt,healthy_eyes_open
eeg_setA_06,unknown,eeg,4097,Noise,0.0033222591362126247,0.4,nan,0.8629864545259084,49.07003302816992,75.44776087315832,78.0094008892291,46.52008923957525,0.10013953823432037,0.41209070924543,0.8368372189717065,0.029951362294331506,True,0.06663412252867952,Bonn setA Z007.txt,healthy_eyes_open
eeg_setA_07,unknown,eeg,4097,Noise,0.0033222591362126247,1.0,nan,0.7871711669950169,47.9049834540698,71.19933886066678,70.67367089202827,45.6505987700937,3.1499986967594786,0.35361392762866634,0.8571448068947453,0.03931270632995711,True,0.04930436905052477,Bonn setA Z008.txt,healthy_eyes_open
eeg_setA_08,unknown,eeg,4097,Noise,0.0033222591362126247,0.97,nan,0.7094751509521597,29.06559214901408,44.49336852695102,44.00449284872405,26.40611822857344,0.48748675618573384,0.21739607704123376,0.9387748866950999,0.04328321232312621,True,0.04661947766658531,Bonn setA Z009.txt,healthy_eyes_open
eeg_setA_09,unknown,eeg,4097,Noise,0.0033222591362126247,0.56,nan,0.7399261431519496,47.20393302489448,70.99884659754821,74.65354814053855,43.33807890469618,1.939258938899691,0.35682853831426187,0.887297980756502,0.044832513590630695,True,0.062484744935318526,Bonn setA Z010.txt,healthy_eyes_open
eeg_setA_10,unknown,eeg,4097,Noise,0.0033222591362126247,1.0,nan,0.7618257261410788,32.32505953505547,51.94042498417739,49.0061769431511,29.219927359024357,1.1808053092569588,0.22251271157720554,0.9353433394523426,0.06256920394442822,True,0.05638271906272883,Bonn setA Z011.txt,healthy_eyes_open
eeg_setA_11,unknown,eeg,4097,Noise,0.0033222591362126247,0.5,nan,0.7426784033659968,43.41031091257766,62.02044287622927,66.51987205707448,40.10825570495135,-0.3764050068744769,0.26390138300926236,0.9107669255786621,0.06612818176273429,True,0.059555772516475466,Bonn setA Z012.txt,healthy_eyes_open
eeg_setA_12,unknown,eeg,4097,Chaos,0.0033222591362126247,0.04,nan,0.7016939420040196,47.279514202926855,69.04728174985216,70.1712959970868,44.56988344671552,1.8117089070463048,0.30888933152550063,0.915225078350314,0.049591803565047284,True,0.04637539663168172,Bonn setA Z013.txt,healthy_eyes_open
eeg_setA_13,unknown,eeg,4097,Noise,0.0033222591362126247,0.35,nan,0.7292974507342104,50.43338451675284,77.68934824869517,74.79750552897447,47.32074441251549,1.3681388488771287,0.33892466129290244,0.8976185658973506,0.04780662009844728,True,0.06346106907493287,Bonn setA Z014.txt,healthy_eyes_open
eeg_setA_14,unknown,eeg,4097,Noise,0.0033222591362126247,0.98,nan,0.6873061249315735,30.04477813188758,41.87619587529613,42.59505807094328,26.905148628349714,0.43028458265569103,0.2967027097040232,0.9500147492586538,0.05791764703565041,True,0.04247010007322431,Bonn setA Z015.txt,healthy_eyes_open
eeg_setA_15,unknown,eeg,4097,Noise,0.0033222591362126247,0.68,nan,0.8109847672173353,41.06076168510329,60.33464786448603,60.18146656448897,38.63210327454813,2.168742482461023,0.3253818891629901,0.9128645430063066,0.032336878437429564,True,0.06761044666829387,Bonn setA Z016.txt,healthy_eyes_open
eeg_setA_16,unknown,eeg,4097,Noise,0.0033222591362126247,0.05,nan,0.6971806063465849,36.16847262350626,53.47838089362022,53.31743652463386,34.30562962538572,0.46576334436825473,0.22737584109269462,0.9310238121789183,0.050182435149545165,True,0.04637539663168172,Bonn setA Z017.txt,healthy_eyes_open
eeg_setA_17,unknown,eeg,4097,Noise,0.0033222591362126247,1.0,nan,0.8251659816629782,42.715224607810434,64.65149331683259,59.25316153706613,36.94445646733974,-0.6273471384721188,0.40280749456918363,0.847166133500163,0.027128563334902538,True,0.07664144495972663,Bonn setA Z018.txt,healthy_eyes_open
eeg_setA_18,unknown,eeg,4097,Noise,0.0033222591362126247,0.61,nan,0.684437201722733,45.859911196211414,65.00425822247664,65.85544298338299,41.496116506621526,1.331750279200925,0.2787928704443329,0.9146280427152741,0.0458177599374149,True,0.04613131559677813,Bonn setA Z019.txt,healthy_eyes_open
eeg_setA_19,unknown,eeg,4097,Noise,0.0033222591362126247,0.18,nan,0.7355565126438196,32.03279722566257,47.96353260868404,49.94623416071693,29.76077483121369,0.7680568296458947,0.33345755953992384,0.9311817448862603,0.047399334138469286,True,0.03954112765438125,Bonn setA Z020.txt,healthy_eyes_open
eeg_setB_00,unknown,eeg,4097,Noise,0.0033222591362126247,0.51,nan,0.8305328852616418,50.52595725525991,74.1348069036261,77.45062769743775,49.016912446861944,0.8002148663588711,0.33238051057862744,0.8953864873249345,0.08599903659708664,True,0.07273614840126923,Bonn setB O001.txt,healthy_eyes_closed
eeg_setB_01,unknown,eeg,4097,Noise,0.0033222591362126247,0.25,nan,0.8095848009392678,59.9635989065029,89.54374058470603,92.3746417860377,57.00418016996383,1.137062167305386,0.3798112063395503,0.83155636143368,0.08158335878668366,True,0.06883085184281182,Bonn setB O002.txt,healthy_eyes_closed
eeg_setB_02,unknown,eeg,4097,Noise,0.0033222591362126247,0.94,nan,0.8372263923153641,63.537186636279436,96.55647880356162,100.27080938277632,62.53824247648435,2.293889280530048,0.3962716829034913,0.8160410617278393,0.06105228162337902,True,0.08030266048328046,Bonn setB O003.txt,healthy_eyes_closed
eeg_setB_03,unknown,eeg,4097,Noise,0.0033222591362126247,0.54,nan,0.8697234352256187,69.69811930378523,104.79749149310283,108.02905948941505,66.2397210703157,1.1138562100861429,0.45582218050599466,0.7809579024889799,0.07408812353702146,True,0.08420795704173786,Bonn setB O004.txt,healthy_eyes_closed
eeg_setB_04,unknown,eeg,4097,Noise,0.0033222591362126247,0.83,nan,0.8680463663790822,72.36154138003093,109.47425501864548,114.91124045795142,71.60601797368757,1.69144929619797,0.5392053317834998,0.7959119865751713,0.12894029234582513,True,0.0790822553087625,Bonn setB O005.txt,healthy_eyes_closed
eeg_setB_05,unknown,eeg,4097,Noise,0.0033222591362126247,0.98,nan,0.8559825883851789,45.677729819134115,70.07153985597354,71.07334946913583,45.38046194822099,2.632595113337036,0.3955204090020939,0.8945961299216052,0.07294452164632752,True,0.07493287771540151,Bonn setB O006.txt,healthy_eyes_closed
eeg_setB_06,unknown,eeg,4097,Noise,0.0033222591362126247,0.47,nan,0.8340663320743001,70.06177901473255,104.1492460499272,107.35376526190245,67.2612011228515,1.6240565468423986,0.5041573405035257,0.8350879916912438,0.09691992960401079,True,0.11081278984622894,Bonn setB O007.txt,healthy_eyes_closed
eeg_setB_07,unknown,eeg,4097,Noise,0.0033222591362126247,0.82,nan,0.8329777019097407,61.199108695222066,89.78541801048752,93.40535716966326,58.45226679274978,0.9526879398835525,0.33233385884363464,0.8264888104471942,0.05315087182539548,True,0.0710275811569441,Bonn setB O008.txt,healthy_eyes_closed
eeg_setB_08,unknown,eeg,4097,Noise,0.0033222591362126247,1.0,nan,0.8282655023649877,62.09458294786898,94.47890064226527,95.26457350102605,60.35941637200333,0.5123403512402682,0.46406756125675025,0.842426704702602,0.10857593225069807,True,0.08664876739077373,Bonn setB O009.txt,healthy_eyes_closed
eeg_setB_09,unknown,eeg,4097,Noise,0.0033222591362126247,0.3,nan,0.901972904754546,80.81258095356716,118.04583427182365,124.57169970021934,78.96867841813518,2.469988740730244,0.6439727839738836,0.7252661033545381,0.16182737807478623,True,0.11325360019526483,Bonn setB O010.txt,healthy_eyes_closed
eeg_setB_10,unknown,eeg,4097,Noise,0.0033222591362126247,0.45,nan,0.8961728904476997,85.95399622305347,124.17039152205625,131.2784702772179,82.15699217844563,1.2797115986756307,0.6953705079867109,0.7106155119781618,0.19875841104707678,True,0.126189895045155,Bonn setB O011.txt,healthy_eyes_closed
eeg_setB_11,unknown,eeg,4097,Noise,0.0033222591362126247,0.88,nan,0.8718679427895473,56.88832850161893,84.81882429516406,88.89168256270129,55.340811221048426,1.7377415575142376,0.38485807327501714,0.7822109533740463,0.12022032539367669,True,0.06492555528435441,Bonn setB O012.txt,healthy_eyes_closed
eeg_setB_12,unknown,eeg,4097,Noise,0.0033222591362126247,0.88,nan,0.8750854318910678,67.44411649257181,99.89970723579677,102.72157621678058,65.56657816926587,2.370386171198104,0.45457063947215387,0.7689123565592992,0.11709814754181519,True,0.07566512082011227,Bonn setB O013.txt,healthy_eyes_closed
eeg_setB_13,unknown,eeg,4097,Noise,0.0033222591362126247,0.31,nan,0.8932887631781949,83.10160131759694,122.73874851851582,131.64620930000154,81.67871837007344,2.9149657337790797,0.6320449167268114,0.7021973891432183,0.2553787001242555,True,0.12106419331217964,Bonn setB O014.txt,healthy_eyes_closed
eeg_setB_14,unknown,eeg,4097,Noise,0.0033222591362126247,0.12,nan,0.8920863309352518,80.89335851757488,120.79236772069872,131.40253875657345,81.93741377810468,2.5738284889650207,0.6331427311925033,0.7210407105912647,0.3242396483449771,True,0.12106419331217964,Bonn setB O015.txt,healthy_eyes_closed
eeg_setB_15,unknown,eeg,4097,Noise,0.0033222591362126247,0.68,nan,0.8329236987274018,53.507507323189124,78.30757034114372,80.5735771910116,49.80537594446401,1.4311389691224625,0.32090711139225647,0.8559980691444312,0.08699010646208835,True,0.06346106907493287,Bonn setB O016.txt,healthy_eyes_closed
eeg_setB_16,unknown,eeg,4097,Noise,0.0033222591362126247,0.54,nan,0.8998761993190963,83.53479605973489,122.8512295624344,132.12727311260474,82.03716886499113,2.5097265466700986,0.6831946749434606,0.705739681585762,0.3078950179390677,True,0.126189895045155,Bonn setB O017.txt,healthy_eyes_closed
eeg_setB_17,unknown,eeg,4097,Noise,0.0033222591362126247,0.76,nan,0.8955184301246354,53.06375414075469,79.62588280766705,81.29152412279241,50.03583229593457,2.0283753596186216,0.5323830931068176,0.7364245848088157,0.10414364975216499,True,0.07151574322675128,Bonn setB O018.txt,healthy_eyes_closed
eeg_setB_18,unknown,eeg,4097,Noise,0.0033222591362126247,1.0,nan,0.8719395413841295,83.55012969516278,121.15138688660605,130.48464356542306,81.28503274602375,0.5795539313089462,0.5872563376340515,0.7369160205894074,0.10296924709659977,True,0.10178179155479619,Bonn setB O019.txt,healthy_eyes_closed
eeg_setB_19,unknown,eeg,4097,Noise,0.0033222591362126247,0.77,nan,0.8616358783819142,75.98174391003599,110.95252088286918,118.71418172350326,73.0941837222521,1.5055938082996028,0.5368144139634403,0.7679331543034149,0.14368834338995437,True,0.08494020014644862,Bonn setB O020.txt,healthy_eyes_closed
eeg_setC_00,unknown,eeg,4097,Noise,0.0033222591362126247,0.66,nan,0.6624926419435971,66.12522546157999,96.6368651881765,104.00681549826766,64.78710543973743,0.6739495308755923,0.6033496876414042,0.9114757856938382,0.04525612949622135,True,0.07005125701732975,Bonn setC N001.TXT,interictal_opposite
eeg_setC_01,unknown,eeg,4097,Noise,0.0033222591362126247,0.72,nan,0.7004377736085053,64.22895460503935,96.17373071742045,99.02627174209825,61.59120635645816,0.14173020935554584,0.536813158963276,0.9225205718598123,0.0545588283885226,True,0.09494752257749572,Bonn setC N002.TXT,interictal_opposite
eeg_setC_02,unknown,eeg,4097,Noise,0.0033222591362126247,0.98,nan,0.6919654966635925,47.53291527021457,69.98377576419118,72.00590782878147,42.98501054934182,1.273563243308104,0.4191281440971945,0.933515966496519,0.04339748135183624,True,0.06590187942396876,Bonn setC N003.TXT,interictal_opposite
eeg_setC_03,unknown,eeg,4097,Noise,0.0033222591362126247,0.43,nan,0.6854947062933304,38.338867924760734,58.40740126428433,60.90736767173871,37.203552416360125,2.083690379769954,0.3920170887843193,0.9538946330098175,0.04024386099169992,True,0.06809860873810104,Bonn setC N004.TXT,interictal_opposite
eeg_setC_04,unknown,eeg,4097,Noise,0.0033222591362126247,0.47,nan,0.8746205690178526,36.26693152160208,52.962196110330346,53.300208724519266,32.838191052036365,-0.367344322914373,0.26823265648431904,0.93607831829149,0.03378655256380427,True,0.14986575543080302,Bonn setC N005.TXT,interictal_opposite
eeg_setC_05,unknown,eeg,4097,Chaos,0.0033222591362126247,0.01,nan,0.6597833626807534,68.2048494333007,103.3235108381308,108.8085513333252,66.96880104814791,1.028978812248564,0.5230988753782905,0.8980208203323834,0.041160864741189775,True,0.08079082255308763,Bonn setC N006.TXT,interictal_opposite
eeg_setC_06,unknown,eeg,4097,Noise,0.0033222591362126247,0.77,nan,0.6507528264480523,29.755739367358576,43.235720390447774,45.42045407606271,26.29764640397189,2.0722304979649455,0.3740001121697528,0.9741316177827789,0.06722516230563567,True,0.0690749328777154,Bonn setC N007.TXT,interictal_opposite
eeg_setC_07,unknown,eeg,4097,Noise,0.0033222591362126247,1.0,nan,0.6075388026607539,33.656713891980154,52.64706032856551,49.641832862910356,32.37280695243261,2.113138211278525,0.37067327875959294,0.9607859199428288,0.03949090196666692,True,0.056626800097632414,Bonn setC N008.TXT,interictal_opposite
eeg_setC_08,unknown,eeg,4097,Noise,0.0033222591362126247,0.98,nan,0.7521916092673763,47.96106447150135,75.3085923948494,74.01884658301914,47.48368292473845,0.4273729542017898,0.445331252276514,0.923990070031573,0.048959511440560294,True,0.0873810104954845,Bonn setC N009.TXT,interictal_opposite
eeg_setC_09,unknown,eeg,4097,Noise,0.0033222591362126247,0.26,nan,0.6025169520744742,52.43015068056597,81.89380825254506,81.4351657040871,50.12853680713114,0.9149708348103209,0.4478614327148479,0.9037579666259729,0.02244356081135441,True,0.0549182328533073,Bonn setC N010.TXT,interictal_opposite
eeg_setC_10,unknown,eeg,4097,Noise,0.0033222591362126247,0.53,1.16521263578195,0.47627199890433475,28.40586139910152,41.23300327532928,41.06418468909945,24.79549916651416,0.8589745313954823,0.3535936008189967,0.9721165715814916,0.032181676101775566,True,0.04002928972418843,Bonn setC N011.TXT,interictal_opposite
eeg_setC_11,unknown,eeg,4097,Noise,0.0033222591362126247,1.0,nan,0.6751155746851586,53.20087281575654,75.52227687732804,80.424460693827,46.16160155373486,1.2059328779145027,0.5111967951582981,0.9498647697663278,0.047075760289320145,True,0.08591652428606297,Bonn setC N012.TXT,interictal_opposite
eeg_setC_12,unknown,eeg,4097,Noise,0.0033222591362126247,0.21,nan,0.5456232079608703,54.95924563082028,84.91556258379771,86.0636421065752,55.541464787530685,2.70626580357367,0.5403559261027057,0.9312028145317892,0.03156000998998199,True,0.05247742250427142,Bonn setC N013.TXT,interictal_opposite
eeg_setC_13,unknown,eeg,4097,Noise,0.0033222591362126247,0.9,nan,0.6401344652726341,50.671784476243594,74.41469125515341,77.67718010564872,47.18229496397654,2.942757596705814,0.4419966953802956,0.9140140612590166,0.029009196497684655,True,0.0549182328533073,Bonn setC N014.TXT,interictal_opposite
eeg_setC_14,unknown,eeg,4097,Noise,0.0033222591362126247,1.0,nan,0.8223376623376624,24.78776541299195,35.45977802785865,37.37605146580839,21.65447468670711,1.8096572266355442,0.23618436090094275,0.9640144754819318,0.02058568113819363,True,0.09641200878691726,Bonn setC N015.TXT,interictal_opposite
eeg_setC_15,unknown,eeg,4097,Noise,0.0033222591362126247,1.0,nan,0.5944768264387981,31.743431819387975,47.01247312259929,52.44813676465963,27.08115560499071,-0.1428080616525084,0.4742499032508387,0.9699947874611998,0.07030095298818324,True,0.065169636319258,Bonn setC N016.TXT,interictal_opposite
eeg_setC_16,unknown,eeg,4097,Noise,0.0033222591362126247,0.79,nan,0.8457374830852503,29.219311101380665,46.34719903961876,48.179074569896386,27.621332138220147,-0.715425858968011,0.21442953981329252,0.9502327893760635,0.023679715883324022,True,0.09470344154259214,Bonn setC N017.TXT,interictal_opposite
eeg_setC_17,unknown,eeg,4097,Noise,0.0033222591362126247,1.0,nan,0.5886700963869671,51.84802700441434,75.92508861513556,77.78001038123699,47.89813833376164,2.278563871933363,0.5372508678991644,0.9365641254003221,0.04361574604916332,True,0.05589455699292165,Bonn setC N018.TXT,interictal_opposite
eeg_setC_18,unknown,eeg,4097,Noise,0.0033222591362126247,0.72,nan,0.6872788720494271,40.90885287422706,64.50837731536402,66.4123990694695,40.276844677883865,0.11904948881856058,0.4250614717442113,0.9488256955532046,0.033446927772829003,True,0.07835001220405174,Bonn setC N019.TXT,interictal_opposite
eeg_setC_19,unknown,eeg,4097,Noise,0.0033222591362126247,0.48,nan,0.6318788759148556,44.8350227975576,66.36334210194705,69.67115743315422,43.949116884056366,-0.002224491041282956,0.4696601447862746,0.9520585106693704,0.040331039169816785,True,0.05223334146936783,Bonn setC N020.TXT,interictal_opposite
eeg_setD_00,unknown,eeg,4097,Noise,0.0033222591362126247,0.57,nan,0.567606221321733,25.750696493533095,39.45483932495487,36.35424392581001,24.910009620566683,1.3192226875262307,0.31062810869023755,0.9690777411018969,0.03590158685851348,True,0.04198193800341713,Bonn setD F001.txt,interictal_focus
eeg_setD_01,unknown,eeg,4097,Noise,0.0033222591362126247,1.0,1.4759082332450149,0.546251166649383,81.66758574492408,114.27321173380925,124.55694560703067,79.94268450401741,3.6633717052803347,0.6127494191012781,0.9223769156390618,0.03764030131798383,True,0.1523065657798389,Bonn setD F002.txt,interictal_focus
eeg_setD_02,unknown,eeg,4097,Chaos,0.0033222591362126247,0.01,nan,0.7509973576498628,78.92269633105731,115.0124050678784,125.95835957750619,78.09916714654976,2.1484018149545885,0.5267964580262634,0.8762153223144699,0.0398374223574762,True,0.09030998291432756,Bonn setD F003.txt,interictal_focus
eeg_setD_03,unknown,eeg,4097,Noise,0.0033222591362126247,0.85,nan,0.6105380540841929,48.84257549381837,67.03319100447116,67.7801049656303,42.030363734591546,1.1720698420878073,0.5152272452978868,0.9576638358446077,0.03845735294355106,True,0.05540639492311447,Bonn setD F004.txt,interictal_focus
eeg_setD_04,unknown,eeg,4097,Chaos,0.0033222591362126247,0.01,nan,0.7769430051813472,81.1179390240122,117.09292976944562,126.44118566336549,77.62033017010762,0.32107679989941007,0.37253327497170496,0.8744799196750122,0.02758529998558539,True,0.11520624847449353,Bonn setD F005.txt,interictal_focus
eeg_setD_05,unknown,eeg,4097,Noise,0.0033222591362126247,0.72,1.2190605561959413,0.5157498514164961,31.883002413317744,46.93327488478058,48.930023694975205,30.569936563403235,3.291596108135138,0.4307375265359578,0.9772629587676646,0.1006910505401311,True,0.035635831095923845,Bonn setD F006.txt,interictal_focus
eeg_setD_06,unknown,eeg,4097,Noise,0.0033222591362126247,0.97,nan,0.7297010930180683,30.974013351755605,43.48427441891355,45.10797089176751,26.855431218116074,0.4328146239429992,0.27642090474313075,0.9598298748196631,0.03387128383413163,True,0.06077617769099341,Bonn setD F007.txt,interictal_focus
eeg_setD_07,unknown,eeg,4097,Noise,0.0033222591362126247,1.0,1.401318186577535,0.5716315041826695,72.00968598571173,104.56911675318429,110.51069629795283,71.16918245059955,1.2762831534656802,0.5859674823234438,0.9313502952301417,0.04363096962163447,True,0.12545765194044423,Bonn setD F008.txt,interictal_focus
eeg_setD_08,unknown,eeg,4097,Noise,0.0033222591362126247,0.73,1.2866939039671896,0.5116936520174762,98.12302162137674,140.38138729914326,149.12736309082874,95.72420071403175,6.482316370554613,0.6899545701448533,0.9269664343628019,0.04966438690071721,True,0.24603368318281668,Bonn setD F009.txt,interictal_focus
eeg_setD_09,unknown,eeg,4097,Noise,0.0033222591362126247,0.17,1.3755328956055284,0.5682465682465683,85.24716796851496,117.53593584475132,131.29402672876975,84.01994554276449,2.37806287819135,0.5571201040078297,0.9050196292086101,0.03565871164042322,True,0.14962167439589943,Bonn setD F010.txt,interictal_focus
eeg_setD_10,unknown,eeg,4097,Chaos,0.0033222591362126247,0.01,nan,0.6444989600554637,69.62319407348994,101.55119368756132,108.05755917518538,66.74804265322108,2.517345891665528,0.5971244013845058,0.9367060528453411,0.07351523852235292,True,0.07566512082011227,Bonn setD F011.txt,interictal_focus
eeg_setD_11,unknown,eeg,4097,Noise,0.0033222591362126247,0.35,nan,0.6597449313276652,61.092118362586746,92.38543666759087,96.65554778971902,60.02985390809269,0.7975238630662492,0.5434675831088658,0.9209557742731234,0.055167311458667115,True,0.05979985355137906,Bonn setD F012.txt,interictal_focus
eeg_setD_12,unknown,eeg,4097,Noise,0.0033222591362126247,0.64,nan,0.5368849850423271,42.81118615380807,63.70404719883164,65.69976949704873,40.86250017518972,0.42427669937914725,0.4257548810800193,0.9572871129963445,0.06088673407339615,True,0.03758847937515255,Bonn setD F013.txt,interictal_focus
eeg_setD_13,unknown,eeg,4097,Chaos,0.0033222591362126247,0.04,nan,0.5778448428901118,50.22588973471629,73.23423055361097,78.00090533008957,48.342224465051295,2.957008535933461,0.5148932901282,0.9555548292840957,0.06670143952484875,True,0.042958262143031486,Bonn setD F014.txt,interictal_focus
eeg_setD_14,unknown,eeg,4097,Noise,0.0033222591362126247,0.92,nan,0.5546642899584076,49.62856041293915,75.99149901778044,78.84429988142283,51.19844883795888,1.1556392383890437,0.5495122643440287,0.9487614980149625,0.14661602042257535,True,0.043202343177935074,Bonn setD F015.txt,interictal_focus
eeg_setD_15,unknown,eeg,4097,Noise,0.0033222591362126247,1.0,nan,0.7721095657713133,36.177263694501924,54.90295693624515,54.109889648884774,33.61394457465201,3.0019384250010406,0.302443678956941,0.9424825517161003,0.02850681890735904,True,0.07493287771540151,Bonn setD F016.txt,interictal_focus
eeg_setD_16,unknown,eeg,4097,Noise,0.0033222591362126247,0.96,nan,0.6566442505418774,72.38913323877883,109.2929608859231,112.93638457453632,72.74951632940933,3.314958965167082,0.7067559561296852,0.9142346758589973,0.14674681894041183,True,0.05003661215523554,Bonn setD F017.txt,interictal_focus
eeg_setD_17,unknown,eeg,4097,Noise,0.0033222591362126247,0.71,nan,0.8320271682340648,51.05726296782027,73.73150975005296,73.50387480059213,49.392652753179036,2.356682291865984,0.5168946035180921,0.9423973927946455,0.08908710260749238,True,0.08884549670490603,Bonn setD F018.txt,interictal_focus
eeg_setD_18,unknown,eeg,4097,Noise,0.0033222591362126247,1.0,nan,0.5624734252566361,42.18802546980483,60.08864281742262,63.324554142447965,36.43435976356725,0.8194478460976395,0.491653995798972,0.9724215720535984,0.05608581017023719,True,0.049060288015621185,Bonn setD F019.txt,interictal_focus
eeg_setD_19,unknown,eeg,4097,Noise,0.0033222591362126247,1.0,nan,0.5649509108450145,47.98333241157793,74.05609728861916,77.68859844252817,47.121317432044535,1.1324728859405482,0.44746394128350137,0.9452644776968855,0.04130630491507708,True,0.05833536734195753,Bonn setD F020.txt,interictal_focus
eeg_setE_00,unknown,eeg,4097,Chaos,0.0033222591362126247,0.01,nan,0.8405745246370885,112.6146633355272,154.57226359058015,173.6785538194205,113.78649046037832,4.724384613490385,0.5281692015676442,0.6535558110918853,0.05494207091795913,True,0.36050768855259946,Bonn setE S001.txt,seizure
eeg_setE_01,unknown,eeg,4097,NonlinStoch,0.0033222591362126247,0.01,nan,0.8721493801336667,82.71815758295148,116.84525430738306,130.10241767087794,84.07869902564042,0.3803722245200956,0.5973821873361217,0.7280386449194871,0.08782116761804334,True,0.41322919209177444,Bonn setE S002.txt,seizure
eeg_setE_02,unknown,eeg,4097,NonlinStoch,0.0033222591362126247,0.01,nan,0.8754933620380337,95.55843098497303,129.68805478231323,144.31297553583698,96.4115049101587,2.1009315100932517,0.6433320179531455,0.7179457610838244,0.06720894813916796,True,0.34244569196973396,Bonn setE S003.txt,seizure
eeg_setE_03,unknown,eeg,4097,Noise,0.0033222591362126247,0.13,nan,0.8323494687131051,78.64283245792099,117.17635679482667,128.61179130637603,81.43829603294138,5.297549916785657,0.5724881000448669,0.6836121242733325,0.07775008505175592,True,0.16792775201366852,Bonn setE S004.txt,seizure
eeg_setE_04,unknown,eeg,4097,Chaos,0.0033222591362126247,0.01,nan,0.7900128040973111,100.90758650265252,139.12997330482705,152.50071641371406,100.19592408409103,2.3357931279956676,0.5294001924776056,0.7622404976786818,0.04820908498759502,True,0.3004637539663168,Bonn setE S005.txt,seizure
eeg_setE_05,unknown,eeg,4097,Chaos,0.0033222591362126247,0.01,nan,0.8234992303745511,90.16220264641521,126.6186543157522,146.40994952923,91.30605750076036,-0.5888509049833651,0.530256979716509,0.7282637879178893,0.06263572416041405,True,0.14522821576763487,Bonn setE S006.txt,seizure
eeg_setE_06,unknown,eeg,4097,Chaos,0.0033222591362126247,0.01,nan,0.6254802520362687,150.46504781603207,168.12917890240362,193.10497618197977,140.91971740635898,7.804326864728271,0.4844091278036364,0.8917978273601326,0.02977887482696416,True,0.23822309006590187,Bonn setE S007.txt,seizure
eeg_setE_07,unknown,eeg,4097,Noise,0.0033222591362126247,0.73,nan,0.7625166376574178,91.89907271757782,132.42396679415683,149.05675763711386,96.66215651015281,1.4796055944683828,0.6779739204933517,0.6531465397874313,0.11314334644158226,True,0.34976812301684157,Bonn setE S008.txt,seizure
eeg_setE_08,unknown,eeg,4097,NonlinStoch,0.0033222591362126247,0.01,nan,0.867948717948718,91.6142538106648,131.97958684960858,144.25829717326386,90.98363160192557,1.8634750176307837,0.5635382072349264,0.7817537740978545,0.12551585897783685,True,0.3090065901879424,Bonn setE S009.txt,seizure
eeg_setE_09,unknown,eeg,4097,NonlinStoch,0.0033222591362126247,0.01,nan,0.8965376157111441,106.52763015147215,139.1383629514866,157.77902535323477,107.03748559112846,0.4595436760715488,0.6961699437737549,0.665968819517257,0.07015169222983407,True,0.4244569196973395,Bonn setE S010.txt,seizure
eeg_setE_10,unknown,eeg,4097,NonlinStoch,0.0033222591362126247,0.01,nan,0.8626778585320913,101.62264313016276,139.04598639542866,159.54306782345927,105.79245077539464,3.208737641887696,0.4302887698596469,0.6889397399946885,0.06130557867161401,True,0.3165731022699536,Bonn setE S011.txt,seizure
eeg_setE_11,unknown,eeg,4097,Chaos,0.0033222591362126247,0.01,nan,0.7317448116833205,115.00704140733774,161.34529683172406,178.84539741380598,115.83758143245576,5.505677352782463,0.5959711914742867,0.70784574257618,0.09709509249197772,True,0.37149133512326094,Bonn setE S012.txt,seizure
eeg_setE_12,unknown,eeg,4097,Chaos,0.0033222591362126247,0.01,nan,0.7910776480229461,101.08345500452853,143.37318353410333,158.57195878197302,100.84170296517568,2.3302074277054796,0.5245169926960044,0.6917389187240652,0.09805238506390515,True,0.42323651452282157,Bonn setE S013.txt,seizure
eeg_setE_13,unknown,eeg,4097,Chaos,0.0033222591362126247,0.01,nan,0.8008835919038324,99.99489347668131,137.5427021157201,154.11332693043946,99.54966771694563,2.9121455822757434,0.36292601990444284,0.7701778885796553,0.03690479020131477,True,0.16621918476934341,Bonn setE S014.txt,seizure
eeg_setE_14,unknown,eeg,4097,Chaos,0.0033222591362126247,0.01,nan,0.7206907153105144,117.54032665229968,157.74680596879404,178.6867463172831,117.55837730650428,3.042011708987141,0.47112077514193373,0.7855197759107002,0.05364632265218795,True,0.21454722968025383,Bonn setE S015.txt,seizure
eeg_setE_15,unknown,eeg,4097,Chaos,0.0033222591362126247,0.01,nan,0.6786082474226804,73.31400644861513,108.53091204815418,120.35701810701039,71.46769866560835,0.17081975736455443,0.3907813829548075,0.8933667511844783,0.02788593150342139,True,0.126189895045155,Bonn setE S016.txt,seizure
eeg_setE_16,unknown,eeg,4097,NonlinStoch,0.0033222591362126247,0.01,nan,0.8779876145145605,79.02253889033783,103.47728693100528,118.83607495103332,79.66026579002579,2.013537802050746,0.49982942417783277,0.7822371720639602,0.07419669998995353,True,0.4498413473273127,Bonn setE S017.txt,seizure
eeg_setE_17,unknown,eeg,4097,Chaos,0.0033222591362126247,0.01,nan,0.7123069819935361,95.53028648454287,137.28864397586005,151.92952263117093,94.92709405874972,1.8740443847413852,0.41302261313093497,0.8462022662372817,0.027886302803284125,True,0.16109348303636808,Bonn setE S018.txt,seizure
eeg_setE_18,unknown,eeg,4097,Noise,0.0033222591362126247,0.36,nan,0.8037819001742339,89.75413870196854,128.55865243577182,147.17192205874133,89.46918711914225,0.4071987324757678,0.5909547705040671,0.6701848672639805,0.04895113881204558,True,0.38223090065901877,Bonn setE S019.txt,seizure
eeg_setE_19,unknown,eeg,4097,Chaos,0.0033222591362126247,0.01,nan,0.842662168379083,81.29179488624627,115.45322328871643,128.97171566409824,86.0506298702552,2.098594331945338,0.42086880823348716,0.7850532244079392,0.06282733590226894,True,0.20429582621430314,Bonn setE S020.txt,seizure
sp500_log_returns_2010_2024,unknown,finance,3773,NonlinStoch,0.0033222591362126247,0.01,nan,0.9987249140702961,11.696185652904179,13.998241513163178,9.982811549695743,4.2525921213218085,0.32002661385129316,0.05375128405388424,0.9936691638166606,0.011706531095738083,False,1.0,Yahoo ^GSPC 2010-2024,matches original DDBM paper window
pdo_monthly,unknown,climate,936,Noise,0.0033222591362126247,0.88,nan,0.9810263044415696,1.5588192745825418,4.630483394710282,4.163967843810993,1.2738024616912322,2.542901723643226,0.11248659091286375,0.9799093046365668,0.076324645727644,True,0.4230769230769231,NOAA PSL pdo_monthly.txt,n<1000: low power
nino34_monthly,unknown,climate,918,NonlinStoch,0.0033222591362126247,0.01,nan,0.973655323819978,20.225989650599832,24.982249025172184,19.405613604051545,17.200454454411517,2.8148530958359603,0.5835476929767588,0.8879176238274291,0.4110940715729793,True,0.38562091503267976,NOAA PSL nina34_monthly.txt,n<1000: low power
amo_monthly,unknown,climate,901,Noise,0.009966777408637873,0.23,nan,0.9836432892673089,2.5616224125675853,4.863709089413353,2.5245449142391085,2.2790903647491874,1.9269909938518988,0.20109629062770668,0.9832891881783602,0.1026611553809926,False,0.6159822419533851,NOAA PSL amo_monthly.txt,n<1000: low power
